Algoritmo,Hill Climbing,,,,,Simulated Annealing,,,,,Genetic Algorithm,,,,
Reinas,4,8,10,12,15,4,8,10,12,15,4,8,10,12,15
Media (tiempo),0.00101745128631592,0.0160000483194987,0.0337007443110148,0.058067242304484,0.092025891939799,0.00308322906494141,0.0437782128651937,0.0734862804412842,0.120573194821676,0.242250609397888,0.011267352104187,0.39222944577535,0.591625841458639,0.816377838452657,1.19349891344706
Desviacion estandar (tiempo),0.000738010117640524,0.0111827636654195,0.0193436780241982,0.0284756105010962,0.0484289281457598,0.00458314042034736,0.0143291381390928,0.0272920984459939,0.0442690567884997,0.0581474383945035,0.0227960745545339,0.120999284241209,0.062220701889841,0.0619840094721322,0.115072432780656
Soluciones (%),100,43.33,33.33,23.33,36.67,73.33,10,13.33,13.33,6.67,100,26.67,6.67,3.33,0
Media (cantidad de estados),3.26666666666667,31.7333333333333,36.8666666666667,41.1333333333333,36.2333333333333,29.6333333333333,91.4666666666667,88.4333333333333,88.6,95.1333333333333,571.666666666667,8965.16666666667,10074.4,10262.5333333333,10317.5
Desviacion estandar (cantidad de estados),1.14269292744673,22.4390874074273,20.3854805214877,18.2392780659711,19.7827569176889,43.7851205503559,29.0916901671527,32.5911806701025,32.1618750525611,22.3263155898167,1168.9420897527,2740.21700730552,1010.50402582419,272.372935681859,24.4621452804969
